user_name,email,password
emcdonald0,dfoster0@example.com,YUF0Izxj8YO
mbradley1,pcox1@sogou.com,qlAxsflD0
wreid2,cpowell2@independent.co.uk,Mrylq2ek
jbrown3,arogers3@mediafire.com,sS5dgNvl63
ahernandez4,dmills4@hud.gov,5gKAo3
lreynolds5,nking5@accuweather.com,B6ET3Azb
swallace6,sthomas6@ucsd.edu,iybClNjg
mpayne7,cwillis7@unc.edu,XnoHUn9Kf
charper8,jpayne8@ed.gov,ECv3GS
aford9,lpeterson9@drupal.org,pdutQljg
daustina,cbakera@shinystat.com,79yxG5
cjenkinsb,efranklinb@tmall.com,J8Ahfj8
jalvarezc,sgordonc@studiopress.com,lpYmdPEMjL
dhunterd,jchapmand@issuu.com,DsKLpgx
ngeorgee,sraye@omniture.com,7FffsGHJ
jcarrollf,blittlef@fc2.com,PPntXqs8t10h
iryang,awestg@hc360.com,4P2wb8RM3XC
awellsh,hstoneh@privacy.gov.au,LkVpMobA
pfowleri,nalleni@pcworld.com,0qF82kmueK
aryanj,cjonesj@thetimes.co.uk,y8X8yxAgTv
jwilsonk,rfergusonk@mlb.com,4JB3UsaKl
hgrahaml,tpattersonl@t.co,ivNxo59oJSI
jknightm,aweaverm@toplist.cz,r7NAaU1Xw
smorgann,tmontgomeryn@answers.com,Rpo7gZwN1
ajacobso,hhanseno@aboutads.info,CSc0B2g9
pgonzalesp,pwallacep@chicagotribune.com,xeQLm3Cupx3Z
jolsonq,ariveraq@springer.com,r4gq44VDaF2
rberryr,dellisr@wikia.com,9dn9MNX
hfieldss,rpalmers@gizmodo.com,ZfYB6k
phudsont,scolemant@senate.gov,ZfJkkoune
sgonzalesu,jdunnu@bbc.co.uk,CUoZv7cFfgL
djacobsv,kdanielsv@elpais.com,B3TSno7
dwarrenw,sclarkw@reference.com,NkAqTnTw
rthomasx,dwoodsx@unesco.org,98MsI0Isw1
pbaileyy,calvarezy@google.com.hk,Ip2o889IB
brosez,swheelerz@google.co.uk,4NHwyXK
hrobinson10,jallen10@cnbc.com,R9QFEPgqF6Fd
jwalker11,rdaniels11@creativecommons.org,7Ma6Sg0FC
pduncan12,ksims12@illinois.edu,OOlGL7j9deah
jandrews13,astewart13@un.org,h2gHcBoG
rboyd14,rberry14@g.co,XoRwxLV0
cwelch15,jreyes15@ow.ly,UGRJF0ubv
lmartinez16,tbryant16@newyorker.com,SclmTt
bgraham17,dshaw17@oaic.gov.au,kHwJrHGLVy
hrice18,aalexander18@toplist.cz,Q2A0X879HmXq
rberry19,bburns19@dion.ne.jp,MuiBISEO
ejames1a,mmyers1a@furl.net,EGofjLr0im
tharrison1b,rboyd1b@bluehost.com,me8H2Tg9FrNF
jhayes1c,tpeters1c@biglobe.ne.jp,VCCOt3DwqEt
lmendoza1d,rlittle1d@issuu.com,UiQccJ6
hburns1e,pnelson1e@g.co,5y0Ebh
dbailey1f,fperkins1f@java.com,GmPpi9615Mr
rnichols1g,agrant1g@etsy.com,hJfNs9N
rcarpenter1h,gwhite1h@amazon.de,q9rRGLM
hhawkins1i,mjenkins1i@quantcast.com,BorfnFegT6
wsmith1j,rcruz1j@4shared.com,YUKO05Jc
elawrence1k,lhawkins1k@xrea.com,JejF2U969g
bray1l,dsullivan1l@ycombinator.com,iTNoT7T
aandrews1m,kgonzales1m@census.gov,7jCGqH
dberry1n,dsimmons1n@techcrunch.com,BfK1bf6iXW
lmurray1o,cnelson1o@yolasite.com,6aGotC7
idixon1p,anichols1p@ocn.ne.jp,v13yhQ6Cv
mbell1q,dmurphy1q@chicagotribune.com,euRfTWg56MS
cmatthews1r,sreyes1r@shop-pro.jp,kFeKQPmX
ffernandez1s,agrant1s@blog.com,EuSQ6Nkx1q3
ccooper1t,ckim1t@soundcloud.com,7CRbF9MiD5zz
dfuller1u,ihenry1u@shutterfly.com,NeuZQYtZHG
afuller1v,dhudson1v@theatlantic.com,SAyUzpg8d
trichardson1w,mmedina1w@technorati.com,pqPfFWNhSwh
crussell1x,jlong1x@sciencedirect.com,vIPW2GzMIh
aphillips1y,adean1y@blogtalkradio.com,VpgFOP
fmorris1z,rmiller1z@oaic.gov.au,2DPOC6J
dcook20,nwashington20@amazon.de,xcFy2tOOwk9A
egibson21,srussell21@youku.com,lD7P324I
vbanks22,abradley22@abc.net.au,JZz0Zyr4Z4
cweaver23,mryan23@typepad.com,R9vavVhU4CA3
slawson24,storres24@howstuffworks.com,qTC2X2
nmiller25,mdean25@archive.org,shAV8CutIaip
fdiaz26,bsims26@salon.com,Tg9JOWdw
fgardner27,dpeters27@zdnet.com,IrfGETw
kperkins28,lhudson28@google.pl,681PvQj
pfrazier29,jgomez29@themeforest.net,aqYV6MggW5v5
wdiaz2a,gmurphy2a@spotify.com,Sia0PxiTpb
jbarnes2b,gscott2b@creativecommons.org,cnA7zWU5jAz
bhughes2c,rjames2c@ifeng.com,lVHqoU5M
hgardner2d,mjackson2d@godaddy.com,ghP0ISL2C
jromero2e,tgarrett2e@mysql.com,ibk3LxhFw
dfernandez2f,drodriguez2f@sourceforge.net,9b2QCHyiI
raustin2g,rchavez2g@ca.gov,rUnoOg
jmitchell2h,jpierce2h@tiny.cc,plwYMEHrq6S
rmills2i,halexander2i@sourceforge.net,4CWbWFHu5Q
mrogers2j,abell2j@cornell.edu,5obBmKZ75wh
alane2k,jriley2k@census.gov,TWD7Vfl
arivera2l,cfranklin2l@alibaba.com,Tn0Q3z33M
cschmidt2m,jcarr2m@abc.net.au,Yox8FFc
rperkins2n,aedwards2n@unesco.org,qGC38E0b
awood2o,rfrazier2o@github.io,BbgJhYxKcACO
gchavez2p,hjenkins2p@whitehouse.gov,nbG6Qx8Hq
cduncan2q,amorgan2q@soup.io,tZmLGnld
mknight2r,djacobs2r@skype.com,10yG0Xn
