emcdonald0,dfoster0@example.com,YUF0Izxj8YO,"2016-04-21 02:44:37.499114","2016-04-21 02:44:37.499114"
mbradley1,pcox1@sogou.com,12345,"2016-04-21 02:44:37.500806","2016-04-21 02:44:37.500806"
wreid2,cpowell2@independent.co.uk,12345,"2016-04-21 02:44:37.502436","2016-04-21 02:44:37.502436"
jbrown3,arogers3@mediafire.com,12345,"2016-04-21 02:44:37.507366","2016-04-21 02:44:37.507366"
ahernandez4,dmills4@hud.gov,12345,"2016-04-21 02:44:37.509075","2016-04-21 02:44:37.509075"
lreynolds5,nking5@accuweather.com,12345,"2016-04-21 02:44:37.510623","2016-04-21 02:44:37.510623"
swallace6,sthomas6@ucsd.edu,12345,"2016-04-21 02:44:37.512217","2016-04-21 02:44:37.512217"
mpayne7,cwillis7@unc.edu,12345,"2016-04-21 02:44:37.513909","2016-04-21 02:44:37.513909"
charper8,jpayne8@ed.gov,ECv3GS,"2016-04-21 02:44:37.515560","2016-04-21 02:44:37.515560"
aford9,lpeterson9@drupal.org,pdutQljg,"2016-04-21 02:44:37.517223","2016-04-21 02:44:37.517223"
daustina,cbakera@shinystat.com,79yxG5,"2016-04-21 02:44:37.518896","2016-04-21 02:44:37.518896"
cjenkinsb,efranklinb@tmall.com,J8Ahfj8,"2016-04-21 02:44:37.520541","2016-04-21 02:44:37.520541"
jalvarezc,sgordonc@studiopress.com,lpYmdPEMjL,"2016-04-21 02:44:37.522230","2016-04-21 02:44:37.522230"
dhunterd,jchapmand@issuu.com,DsKLpgx,"2016-04-21 02:44:37.524190","2016-04-21 02:44:37.524190"
ngeorgee,sraye@omniture.com,7FffsGHJ,"2016-04-21 02:44:37.526148","2016-04-21 02:44:37.526148"
jcarrollf,blittlef@fc2.com,PPntXqs8t10h,"2016-04-21 02:44:37.527975","2016-04-21 02:44:37.527975"
iryang,awestg@hc360.com,4P2wb8RM3XC,"2016-04-21 02:44:37.529712","2016-04-21 02:44:37.529712"
awellsh,hstoneh@privacy.gov.au,LkVpMobA,"2016-04-21 02:44:37.531295","2016-04-21 02:44:37.531295"
pfowleri,nalleni@pcworld.com,0qF82kmueK,"2016-04-21 02:44:37.532876","2016-04-21 02:44:37.532876"
aryanj,cjonesj@thetimes.co.uk,y8X8yxAgTv,"2016-04-21 02:44:37.534465","2016-04-21 02:44:37.534465"
jwilsonk,rfergusonk@mlb.com,4JB3UsaKl,"2016-04-21 02:44:37.536073","2016-04-21 02:44:37.536073"
hgrahaml,tpattersonl@t.co,ivNxo59oJSI,"2016-04-21 02:44:37.537633","2016-04-21 02:44:37.537633"
jknightm,aweaverm@toplist.cz,r7NAaU1Xw,"2016-04-21 02:44:37.539198","2016-04-21 02:44:37.539198"
smorgann,tmontgomeryn@answers.com,Rpo7gZwN1,"2016-04-21 02:44:37.540797","2016-04-21 02:44:37.540797"
ajacobso,hhanseno@aboutads.info,CSc0B2g9,"2016-04-21 02:44:37.542424","2016-04-21 02:44:37.542424"
pgonzalesp,pwallacep@chicagotribune.com,xeQLm3Cupx3Z,"2016-04-21 02:44:37.544079","2016-04-21 02:44:37.544079"
ali1,ariveraq@springer.com,123,"2016-04-21 02:44:37.545700","2016-04-21 02:44:37.545700"
willemina1,dellisr@wikia.com,123,"2016-04-21 02:44:37.547315","2016-04-21 02:44:37.547315"
rahman1,rpalmers@gizmodo.com,123,"2016-04-21 02:44:37.548934","2016-04-21 02:44:37.548934"
phudsont,scolemant@senate.gov,ZfJkkoune,"2016-04-21 02:44:37.550560","2016-04-21 02:44:37.550560"
sgonzalesu,jdunnu@bbc.co.uk,CUoZv7cFfgL,"2016-04-21 02:44:37.552126","2016-04-21 02:44:37.552126"
djacobsv,kdanielsv@elpais.com,B3TSno7,"2016-04-21 02:44:37.553728","2016-04-21 02:44:37.553728"
dwarrenw,sclarkw@reference.com,NkAqTnTw,"2016-04-21 02:44:37.555417","2016-04-21 02:44:37.555417"
rthomasx,dwoodsx@unesco.org,98MsI0Isw1,"2016-04-21 02:44:37.557464","2016-04-21 02:44:37.557464"
pbaileyy,calvarezy@google.com.hk,Ip2o889IB,"2016-04-21 02:44:37.559244","2016-04-21 02:44:37.559244"
brosez,swheelerz@google.co.uk,4NHwyXK,"2016-04-21 02:44:37.561055","2016-04-21 02:44:37.561055"
hrobinson10,jallen10@cnbc.com,R9QFEPgqF6Fd,"2016-04-21 02:44:37.562785","2016-04-21 02:44:37.562785"
jwalker11,rdaniels11@creativecommons.org,7Ma6Sg0FC,"2016-04-21 02:44:37.564435","2016-04-21 02:44:37.564435"
pduncan12,ksims12@illinois.edu,OOlGL7j9deah,"2016-04-21 02:44:37.566097","2016-04-21 02:44:37.566097"
jandrews13,astewart13@un.org,h2gHcBoG,"2016-04-21 02:44:37.567701","2016-04-21 02:44:37.567701"
rboyd14,rberry14@g.co,XoRwxLV0,"2016-04-21 02:44:37.569325","2016-04-21 02:44:37.569325"
cwelch15,jreyes15@ow.ly,UGRJF0ubv,"2016-04-21 02:44:37.570998","2016-04-21 02:44:37.570998"
lmartinez16,tbryant16@newyorker.com,SclmTt,"2016-04-21 02:44:37.572665","2016-04-21 02:44:37.572665"
bgraham17,dshaw17@oaic.gov.au,kHwJrHGLVy,"2016-04-21 02:44:37.574253","2016-04-21 02:44:37.574253"
hrice18,aalexander18@toplist.cz,Q2A0X879HmXq,"2016-04-21 02:44:37.575874","2016-04-21 02:44:37.575874"
rberry19,bburns19@dion.ne.jp,MuiBISEO,"2016-04-21 02:44:37.577524","2016-04-21 02:44:37.577524"
ejames1a,mmyers1a@furl.net,EGofjLr0im,"2016-04-21 02:44:37.579160","2016-04-21 02:44:37.579160"
tharrison1b,rboyd1b@bluehost.com,me8H2Tg9FrNF,"2016-04-21 02:44:37.580775","2016-04-21 02:44:37.580775"
jhayes1c,tpeters1c@biglobe.ne.jp,VCCOt3DwqEt,"2016-04-21 02:44:37.582431","2016-04-21 02:44:37.582431"
lmendoza1d,rlittle1d@issuu.com,UiQccJ6,"2016-04-21 02:44:37.584015","2016-04-21 02:44:37.584015"
hburns1e,pnelson1e@g.co,5y0Ebh,"2016-04-21 02:44:37.585647","2016-04-21 02:44:37.585647"
dbailey1f,fperkins1f@java.com,GmPpi9615Mr,"2016-04-21 02:44:37.587221","2016-04-21 02:44:37.587221"
rnichols1g,agrant1g@etsy.com,hJfNs9N,"2016-04-21 02:44:37.589324","2016-04-21 02:44:37.589324"
rcarpenter1h,gwhite1h@amazon.de,q9rRGLM,"2016-04-21 02:44:37.591296","2016-04-21 02:44:37.591296"
hhawkins1i,mjenkins1i@quantcast.com,BorfnFegT6,"2016-04-21 02:44:37.593340","2016-04-21 02:44:37.593340"
wsmith1j,rcruz1j@4shared.com,YUKO05Jc,"2016-04-21 02:44:37.595221","2016-04-21 02:44:37.595221"
elawrence1k,lhawkins1k@xrea.com,JejF2U969g,"2016-04-21 02:44:37.596963","2016-04-21 02:44:37.596963"
bray1l,dsullivan1l@ycombinator.com,iTNoT7T,"2016-04-21 02:44:37.598781","2016-04-21 02:44:37.598781"
aandrews1m,kgonzales1m@census.gov,7jCGqH,"2016-04-21 02:44:37.600668","2016-04-21 02:44:37.600668"
dberry1n,dsimmons1n@techcrunch.com,BfK1bf6iXW,"2016-04-21 02:44:37.602719","2016-04-21 02:44:37.602719"
lmurray1o,cnelson1o@yolasite.com,6aGotC7,"2016-04-21 02:44:37.605030","2016-04-21 02:44:37.605030"
idixon1p,anichols1p@ocn.ne.jp,v13yhQ6Cv,"2016-04-21 02:44:37.607374","2016-04-21 02:44:37.607374"
mbell1q,dmurphy1q@chicagotribune.com,euRfTWg56MS,"2016-04-21 02:44:37.609363","2016-04-21 02:44:37.609363"
cmatthews1r,sreyes1r@shop-pro.jp,kFeKQPmX,"2016-04-21 02:44:37.611403","2016-04-21 02:44:37.611403"
ffernandez1s,agrant1s@blog.com,EuSQ6Nkx1q3,"2016-04-21 02:44:37.613277","2016-04-21 02:44:37.613277"
ccooper1t,ckim1t@soundcloud.com,7CRbF9MiD5zz,"2016-04-21 02:44:37.615064","2016-04-21 02:44:37.615064"
dfuller1u,ihenry1u@shutterfly.com,NeuZQYtZHG,"2016-04-21 02:44:37.616922","2016-04-21 02:44:37.616922"
afuller1v,dhudson1v@theatlantic.com,SAyUzpg8d,"2016-04-21 02:44:37.618739","2016-04-21 02:44:37.618739"
trichardson1w,mmedina1w@technorati.com,pqPfFWNhSwh,"2016-04-21 02:44:37.620498","2016-04-21 02:44:37.620498"
crussell1x,jlong1x@sciencedirect.com,vIPW2GzMIh,"2016-04-21 02:44:37.622576","2016-04-21 02:44:37.622576"
aphillips1y,adean1y@blogtalkradio.com,VpgFOP,"2016-04-21 02:44:37.624934","2016-04-21 02:44:37.624934"
fmorris1z,rmiller1z@oaic.gov.au,2DPOC6J,"2016-04-21 02:44:37.627084","2016-04-21 02:44:37.627084"
dcook20,nwashington20@amazon.de,xcFy2tOOwk9A,"2016-04-21 02:44:37.629135","2016-04-21 02:44:37.629135"
egibson21,srussell21@youku.com,lD7P324I,"2016-04-21 02:44:37.631046","2016-04-21 02:44:37.631046"
vbanks22,abradley22@abc.net.au,JZz0Zyr4Z4,"2016-04-21 02:44:37.632872","2016-04-21 02:44:37.632872"
cweaver23,mryan23@typepad.com,R9vavVhU4CA3,"2016-04-21 02:44:37.636429","2016-04-21 02:44:37.636429"
slawson24,storres24@howstuffworks.com,qTC2X2,"2016-04-21 02:44:37.638230","2016-04-21 02:44:37.638230"
nmiller25,mdean25@archive.org,shAV8CutIaip,"2016-04-21 02:44:37.639960","2016-04-21 02:44:37.639960"
fdiaz26,bsims26@salon.com,Tg9JOWdw,"2016-04-21 02:44:37.641684","2016-04-21 02:44:37.641684"
fgardner27,dpeters27@zdnet.com,IrfGETw,"2016-04-21 02:44:37.643462","2016-04-21 02:44:37.643462"
kperkins28,lhudson28@google.pl,681PvQj,"2016-04-21 02:44:37.645154","2016-04-21 02:44:37.645154"
pfrazier29,jgomez29@themeforest.net,aqYV6MggW5v5,"2016-04-21 02:44:37.646773","2016-04-21 02:44:37.646773"
wdiaz2a,gmurphy2a@spotify.com,Sia0PxiTpb,"2016-04-21 02:44:37.648435","2016-04-21 02:44:37.648435"
jbarnes2b,gscott2b@creativecommons.org,cnA7zWU5jAz,"2016-04-21 02:44:37.650165","2016-04-21 02:44:37.650165"
bhughes2c,rjames2c@ifeng.com,lVHqoU5M,"2016-04-21 02:44:37.651934","2016-04-21 02:44:37.651934"
hgardner2d,mjackson2d@godaddy.com,ghP0ISL2C,"2016-04-21 02:44:37.653668","2016-04-21 02:44:37.653668"
rahman,tgarrett2e@mysql.com,123,"2016-04-21 02:44:37.655657","2016-04-21 02:44:37.655657"
willemina,drodriguez2f@sourceforge.net,123,"2016-04-21 02:44:37.657580","2016-04-21 02:44:37.657580"
ali,rchavez2g@ca.gov,123,"2016-04-21 02:44:37.659621","2016-04-21 02:44:37.659621"
jmitchell2h,jpierce2h@tiny.cc,plwYMEHrq6S,"2016-04-21 02:44:37.661919","2016-04-21 02:44:37.661919"
rmills2i,halexander2i@sourceforge.net,4CWbWFHu5Q,"2016-04-21 02:44:37.663802","2016-04-21 02:44:37.663802"
mrogers2j,abell2j@cornell.edu,5obBmKZ75wh,"2016-04-21 02:44:37.665541","2016-04-21 02:44:37.665541"
alane2k,jriley2k@census.gov,TWD7Vfl,"2016-04-21 02:44:37.667226","2016-04-21 02:44:37.667226"
arivera2l,cfranklin2l@alibaba.com,Tn0Q3z33M,"2016-04-21 02:44:37.668983","2016-04-21 02:44:37.668983"
cschmidt2m,jcarr2m@abc.net.au,Yox8FFc,"2016-04-21 02:44:37.670705","2016-04-21 02:44:37.670705"
rperkins2n,aedwards2n@unesco.org,qGC38E0b,"2016-04-21 02:44:37.672443","2016-04-21 02:44:37.672443"
awood2o,rfrazier2o@github.io,BbgJhYxKcACO,"2016-04-21 02:44:37.674172","2016-04-21 02:44:37.674172"
gchavez2p,hjenkins2p@whitehouse.gov,nbG6Qx8Hq,"2016-04-21 02:44:37.675877","2016-04-21 02:44:37.675877"
cduncan2q,amorgan2q@soup.io,tZmLGnld,"2016-04-21 02:44:37.677714","2016-04-21 02:44:37.677714"
mknight2r,djacobs2r@skype.com,10yG0Xn,"2016-04-21 02:44:37.679418","2016-04-21 02:44:37.679418"
